City_ID,City,Country,Lat,Lng,Max Temp,Humidity,Cloudiness,Wind Speed,Description
0,Ban Nahin,LA,18.2418,104.2122,61.75,82,0,3.98,clear sky
1,Leshan,CN,29.5623,103.7639,50.81,78,98,2.75,overcast clouds
2,Ushuaia,AR,-54.8,-68.3,51.8,62,20,26.46,few clouds
3,Kruisfontein,ZA,-34.0033,24.7314,69.01,74,0,5.01,clear sky
4,Punta Arenas,CL,-53.15,-70.9167,57.2,51,40,27.63,scattered clouds
5,Tiksi,RU,71.6872,128.8694,-26.57,86,100,5.59,overcast clouds
6,Cape Town,ZA,-33.9258,18.4232,73.99,60,20,12.66,few clouds
7,Tarnogskiy Gorodok,RU,60.4997,43.5761,22.62,97,100,7.4,overcast clouds
8,Buchanan,LR,5.8808,-10.0467,84.2,74,75,3.44,broken clouds
9,Marsaxlokk,MT,35.8419,14.5431,60.01,94,0,8.05,clear sky
10,Atengo,MX,20.1667,-99.3333,72.59,24,64,4.83,broken clouds
11,Atuona,PF,-9.8,-139.0333,78.42,77,40,16.98,light rain
12,Luderitz,NA,-26.6481,15.1594,72.25,49,0,27.29,clear sky
13,Mana,GF,5.6592,-53.7767,79.43,87,76,13.6,broken clouds
14,Gwanda,ZW,-20.9333,29.0,74.35,79,96,8.39,moderate rain
15,Baiyin,CN,36.5583,104.2081,26.01,48,0,11.18,clear sky
16,Lompoc,US,34.6391,-120.4579,50.0,93,1,4.61,clear sky
17,Jamestown,US,42.097,-79.2353,25.0,79,90,4.94,light snow
18,Vaini,TO,-21.2,-175.2,79.88,78,100,14.65,overcast clouds
19,Puerto Ayora,EC,-0.7393,-90.3518,84.2,70,0,14.97,clear sky
20,Kahului,US,20.8947,-156.47,69.01,94,40,11.5,scattered clouds
21,Hithadhoo,MV,-0.6,73.0833,82.78,75,65,13.38,broken clouds
22,Provideniya,RU,64.3833,-173.3,-12.33,83,64,7.18,broken clouds
23,Snasa,NO,64.2457,12.3778,16.05,94,80,2.08,broken clouds
24,Emerald,AU,-23.5333,148.1667,75.2,78,1,9.22,clear sky
25,Buin,CL,-33.7333,-70.75,77.0,47,75,2.3,light rain
26,Touros,BR,-5.1989,-35.4608,87.8,55,40,13.8,scattered clouds
27,Dikson,RU,73.5069,80.5464,-35.72,82,25,9.71,scattered clouds
28,Nikolskoye,RU,59.7035,30.7861,28.0,100,90,4.47,light snow
29,Steinbach,DE,50.1667,8.5667,34.0,93,90,11.5,light snow
30,Constitucion,CL,-35.3333,-72.4167,66.97,81,80,2.86,broken clouds
31,Ust-Tsilma,RU,65.441,52.1498,3.58,93,100,9.86,overcast clouds
32,Upernavik,GL,72.7868,-56.1549,-9.69,86,2,8.21,clear sky
33,Chuy,UY,-33.6971,-53.4616,83.57,49,16,13.02,few clouds
34,Victoria,HK,22.2855,114.1577,62.01,74,2,16.26,clear sky
35,Severo-Kurilsk,RU,50.6789,156.125,23.43,95,100,29.01,light snow
36,Busselton,AU,-33.65,115.3333,63.0,64,0,10.87,clear sky
37,Albany,US,42.6001,-73.9662,19.0,49,2,1.01,clear sky
38,Sola,VU,-13.8833,167.55,81.01,81,92,16.35,overcast clouds
39,Arraial Do Cabo,BR,-22.9661,-42.0278,93.2,48,0,19.57,clear sky
40,Mazatlan,MX,23.2167,-106.4167,73.4,64,1,3.44,clear sky
41,Lithgow,AU,-33.4833,150.15,70.0,95,4,2.75,clear sky
42,Binzhou,CN,37.3667,118.0167,43.0,50,100,6.26,overcast clouds
43,Mataura,NZ,-46.1927,168.8643,48.0,80,57,8.01,broken clouds
44,Geraldton,AU,-28.7667,114.6,86.0,23,0,12.66,clear sky
45,Port Elizabeth,ZA,-33.918,25.5701,69.8,78,0,10.36,clear sky
46,Takhtamygda,RU,54.1,123.5667,-34.19,81,54,1.5,broken clouds
47,Sept-Iles,CA,50.2001,-66.3821,19.0,52,20,6.91,few clouds
48,Castro,BR,-24.7911,-50.0119,70.59,91,91,4.68,overcast clouds
49,East London,ZA,-33.0153,27.9116,73.4,78,40,8.05,scattered clouds
50,Toppenish,US,46.3774,-120.3087,42.8,75,90,8.05,overcast clouds
51,Makakilo City,US,21.3469,-158.0858,71.6,83,1,3.44,light rain
52,Grand Gaube,MU,-20.0064,57.6608,79.0,82,0,5.99,clear sky
53,Ahipara,NZ,-35.1667,173.1667,55.38,80,0,5.23,clear sky
54,Maple Creek,CA,49.9168,-109.4848,28.4,85,0,2.3,clear sky
55,La Ronge,CA,55.1001,-105.2842,8.6,85,48,1.25,scattered clouds
56,Rikitea,PF,-23.1203,-134.9692,78.98,75,62,11.86,light rain
57,Najran,SA,17.4924,44.1277,73.4,25,0,4.72,clear sky
58,Hilo,US,19.7297,-155.09,66.2,94,90,8.05,light rain
59,Coeneo,MX,19.8167,-101.5833,75.2,45,40,2.08,scattered clouds
60,Mahebourg,MU,-20.4081,57.7,78.8,89,75,5.75,broken clouds
61,Oussouye,SN,12.485,-16.5469,98.6,58,0,6.91,clear sky
62,Lavrentiya,RU,65.5833,-171.0,-19.64,83,0,5.48,clear sky
63,Carnarvon,AU,-24.8667,113.6333,82.4,65,25,10.36,scattered clouds
64,Hermanus,ZA,-34.4187,19.2345,70.0,78,0,3.0,clear sky
65,Tecoanapa,MX,16.5167,-98.75,84.67,52,81,6.38,broken clouds
66,Bluff,NZ,-46.6,168.3333,48.0,80,62,8.01,broken clouds
67,Libenge,CD,3.65,18.6333,86.88,31,76,1.99,broken clouds
68,Ulladulla,AU,-35.35,150.4667,66.99,100,90,10.36,overcast clouds
69,Koslan,RU,63.4564,48.8989,23.7,97,100,6.53,overcast clouds
70,Vangaindrano,MG,-23.35,47.6,78.6,85,0,7.81,clear sky
71,Georgetown,MY,5.4112,100.3354,80.6,83,20,4.88,few clouds
72,Saint-Pierre,RE,-21.3393,55.4781,80.6,65,0,4.61,clear sky
73,Fukue,JP,32.6881,128.8419,50.38,52,62,4.05,broken clouds
74,Bandarbeyla,SO,9.4942,50.8122,74.84,72,0,14.09,clear sky
75,Mar Del Plata,AR,-38.0023,-57.5575,64.4,55,90,23.02,overcast clouds
76,Walvis Bay,NA,-22.9575,14.5053,69.8,68,36,8.05,scattered clouds
77,Zyryanka,RU,65.75,150.85,-32.28,83,100,10.76,overcast clouds
78,Kutum,SD,14.2,24.6667,63.0,26,0,11.7,clear sky
79,North Mankato,US,44.1733,-94.0339,30.99,86,90,18.41,light snow
80,Aswan,EG,24.0934,32.907,60.76,32,0,9.66,clear sky
81,Tura,IN,25.5198,90.2201,52.36,41,0,1.36,clear sky
82,Port Alfred,ZA,-33.5906,26.891,68.0,87,5,0.76,clear sky
83,Tasiilaq,GL,65.6145,-37.6368,15.8,41,75,17.27,broken clouds
84,Butaritari,KI,3.0707,172.7902,80.83,77,95,16.31,overcast clouds
85,Kalabo,ZM,-14.97,22.6814,73.31,80,76,4.74,broken clouds
86,Half Moon Bay,US,37.4636,-122.4286,52.0,66,90,5.75,overcast clouds
87,Vestmannaeyjar,IS,63.4427,-20.2734,32.0,80,75,12.66,broken clouds
88,Lagoa,PT,39.05,-27.9833,62.28,90,16,31.07,few clouds
89,Narsaq,GL,60.9167,-46.05,41.0,30,75,35.68,broken clouds
90,Escarcega,MX,18.6089,-90.7454,81.9,46,50,4.97,scattered clouds
91,Kodiak,US,57.79,-152.4072,32.0,55,1,25.32,clear sky
92,Golden,US,39.7555,-105.2211,51.01,27,40,9.22,scattered clouds
93,Norman Wells,CA,65.282,-126.8329,-27.4,68,75,2.3,broken clouds
94,Ust-Ilimsk,RU,58.0006,102.6619,-41.53,79,40,3.22,scattered clouds
95,Loandjili,CG,-4.7561,11.8578,84.2,89,75,9.22,light rain
96,Verkhoyansk,RU,67.5447,133.385,-44.09,75,89,0.4,overcast clouds
97,Marzuq,YE,14.4,46.4667,63.81,63,0,4.81,clear sky
98,Cidreira,BR,-30.1811,-50.2056,81.39,81,46,9.24,scattered clouds
99,Souillac,MU,-20.5167,57.5167,78.8,89,75,5.75,broken clouds
100,Kem,RU,64.9555,34.5793,17.2,97,100,4.38,overcast clouds
101,Saskylakh,RU,71.9167,114.0833,-37.35,79,46,8.46,scattered clouds
102,Chokurdakh,RU,70.6333,147.9167,-29.0,85,3,7.07,clear sky
103,Baykit,RU,61.67,96.37,-34.47,75,19,2.19,few clouds
104,Naze,JP,28.3667,129.4833,51.15,68,0,8.86,clear sky
105,Avarua,CK,-21.2078,-159.775,78.8,89,99,1.14,light rain
106,Rosetta,EG,31.4044,30.4164,62.6,55,0,12.66,clear sky
107,Baherden,TM,38.4362,57.4316,51.75,45,87,1.36,overcast clouds
108,Tsumeb,NA,-19.2333,17.7167,75.2,69,100,6.91,light rain
109,Hailey,US,43.5196,-114.3153,28.4,80,20,6.91,few clouds
110,Menomonie,US,44.8755,-91.9193,33.01,69,40,12.66,scattered clouds
111,Thompson,CA,55.7435,-97.8558,12.2,85,90,2.93,light snow
112,Tezu,IN,27.9167,96.1667,57.2,52,24,3.8,few clouds
113,Zhuhai,CN,22.2769,113.5678,66.0,72,0,9.22,clear sky
114,Bethel,US,41.3712,-73.414,23.0,45,1,8.05,clear sky
115,Coruripe,BR,-10.1256,-36.1756,83.32,66,91,13.06,overcast clouds
116,Mattru,SL,7.6244,-11.8332,88.61,50,32,8.03,scattered clouds
117,Almaznyy,RU,48.0448,40.045,41.0,75,20,6.71,few clouds
118,Ponta Do Sol,PT,32.6667,-17.1,63.0,91,40,1.83,scattered clouds
119,New Norfolk,AU,-42.7826,147.0587,53.01,76,40,4.61,scattered clouds
120,Juarez,MX,31.7333,-106.4833,54.0,34,40,17.27,scattered clouds
121,Winneba,GH,5.3511,-0.6231,84.2,79,20,12.66,few clouds
122,Filadelfia,US,39.9523,-75.1638,33.01,37,20,10.36,few clouds
123,Bambous Virieux,MU,-20.3428,57.7575,79.0,89,75,5.75,broken clouds
124,Puerto Escondido,MX,15.85,-97.0667,84.2,74,1,5.75,clear sky
125,Daru,PG,-9.0763,143.2092,76.96,92,100,12.3,light rain
126,Vostok,RU,46.4856,135.8833,-20.09,88,100,3.98,overcast clouds
127,Katsuura,JP,35.1333,140.3,41.0,70,20,5.75,few clouds
128,Padang,ID,-0.9492,100.3543,77.81,74,100,4.18,overcast clouds
129,Faanui,PF,-16.4833,-151.75,80.71,68,75,2.46,broken clouds
130,Leeton,AU,-34.5667,146.4,63.0,77,0,2.3,clear sky
131,Tarakan,ID,3.3,117.6333,77.0,94,75,1.14,broken clouds
132,Rawson,AR,-43.3002,-65.1023,66.22,40,1,17.78,clear sky
133,La Rioja,ES,42.25,-2.5,39.0,90,35,7.0,scattered clouds
134,Cherskiy,RU,68.75,161.3,-35.55,83,4,3.98,clear sky
135,Coihaique,CL,-45.5752,-72.0662,66.2,39,20,10.36,few clouds
136,Bonavista,CA,48.6499,-53.1147,30.0,93,98,4.61,overcast clouds
137,Saint-Philippe,RE,-21.3585,55.7679,80.6,65,0,4.61,light rain
138,Jalu,LY,29.0331,21.5482,65.16,36,0,9.89,clear sky
139,Coquimbo,CL,-29.9533,-71.3436,68.0,73,20,14.97,few clouds
140,Rio Gallegos,AR,-51.6226,-69.2181,64.4,34,75,18.41,broken clouds
141,Odienne,CI,9.51,-7.5692,91.87,11,0,3.94,clear sky
142,Maraba,BR,-5.3686,-49.1178,91.4,58,40,6.91,heavy intensity rain
143,Tommot,RU,58.9564,126.2925,-44.21,75,61,1.12,broken clouds
144,Mukdahan,TH,16.5833,104.5,65.21,79,65,9.04,broken clouds
145,Barrow,US,71.2906,-156.7887,-7.6,77,90,10.36,haze
146,Sorong,ID,-0.8833,131.25,79.68,79,100,4.21,light rain
147,Zhicheng,CN,30.2956,111.5047,46.99,76,63,2.08,broken clouds
148,Gayny,RU,60.3071,54.3241,19.9,97,100,9.62,overcast clouds
149,Kurumkan,RU,54.3,110.3,-14.13,81,100,2.93,overcast clouds
150,Minsk,BY,53.9,27.5667,24.8,86,75,8.95,broken clouds
151,Neuquen,AR,-38.9516,-68.0591,73.4,53,75,3.44,broken clouds
152,Manaus,BR,-3.1019,-60.025,82.4,89,75,4.61,light rain
153,Mae Sai,TH,20.4335,99.8762,68.0,100,40,2.3,scattered clouds
154,Mandalgovi,MN,45.7625,106.2708,15.71,88,91,12.97,overcast clouds
155,Acapulco,MX,16.8634,-99.8901,89.6,43,75,3.44,broken clouds
156,Iqaluit,CA,63.7506,-68.5145,-9.0,70,20,16.11,snow
157,Ribeira Grande,PT,38.5167,-28.7,64.4,88,75,16.11,broken clouds
158,Laguna,US,38.421,-121.4238,52.0,87,90,3.44,overcast clouds
159,Sindor,RU,62.8629,51.8905,21.56,97,100,9.69,overcast clouds
160,Hobart,AU,-42.8794,147.3294,53.01,76,40,4.61,scattered clouds
161,Fort Abbas,PK,29.1925,72.8536,61.32,26,0,7.36,clear sky
162,Fairbanks,US,64.8378,-147.7164,-7.01,77,90,3.44,light snow
163,Kodinsk,RU,58.6881,99.1844,-39.6,78,32,3.15,scattered clouds
164,Baltasi,RU,56.3462,50.2062,30.54,97,99,11.99,overcast clouds
165,Yemelyanovo,RU,56.1681,92.6767,-29.2,75,0,1.5,clear sky
166,Taltal,CL,-25.4,-70.4833,71.65,56,11,5.53,few clouds
167,Amapa,BR,1.0,-52.0,79.9,91,90,4.41,overcast clouds
168,Airai,TL,-8.9266,125.4092,61.48,100,100,5.23,light rain
169,Fort Nelson,CA,58.8053,-122.7002,-23.8,76,40,0.81,scattered clouds
170,Pevek,RU,69.7008,170.3133,-32.75,85,37,3.94,scattered clouds
171,Kavieng,PG,-2.5744,150.7967,82.36,76,48,14.63,scattered clouds
172,Panguna,PG,-6.3164,155.4848,71.19,98,98,4.79,overcast clouds
173,Palembang,ID,-2.9167,104.7458,74.59,95,95,4.38,moderate rain
174,Gat,IL,31.61,34.7642,55.0,42,0,1.01,clear sky
175,Vila Velha,BR,-20.3297,-40.2925,87.8,55,20,17.27,few clouds
176,Isangel,VU,-19.55,169.2667,76.21,78,6,10.18,clear sky
177,Bage,BR,-31.3314,-54.1069,87.8,55,0,3.44,clear sky
178,Yulara,AU,-25.2406,130.9889,87.8,35,90,17.27,overcast clouds
179,Buala,SB,-8.145,159.5921,81.23,84,95,13.91,light rain
180,Bredasdorp,ZA,-34.5322,20.0403,70.0,78,0,3.0,clear sky
181,Esfahan,IR,32.6572,51.6776,44.6,29,20,20.71,few clouds
182,Tuktoyaktuk,CA,69.4541,-133.0374,-36.4,67,40,3.44,scattered clouds
183,Huilong,CN,31.8111,121.655,51.01,73,90,5.99,overcast clouds
184,Egvekinot,RU,66.3167,-179.1667,-26.05,83,0,9.04,clear sky
185,Bonfim,BR,3.0833,-59.95,91.4,45,71,9.62,broken clouds
186,Matai,TZ,-8.3,31.5167,60.85,89,72,2.15,light rain
187,Ballangen,NO,68.3428,16.8315,8.6,85,18,3.44,few clouds
188,Shimoda,JP,34.6667,138.95,35.01,76,0,1.99,clear sky
189,Sao Filipe,CV,14.8961,-24.4956,76.78,56,100,11.1,overcast clouds
190,Khatanga,RU,71.9667,102.5,-45.65,77,5,1.43,clear sky
191,Bangkalan,ID,-7.0455,112.7351,77.0,88,20,10.36,few clouds
192,Mount Isa,AU,-20.7333,139.5,87.8,45,90,5.75,light rain
193,Matagami,CA,49.7502,-77.6328,-2.2,84,90,8.05,light snow
194,Te Anau,NZ,-45.4167,167.7167,42.96,87,59,1.39,broken clouds
195,Puerto Leguizamo,CO,-0.1934,-74.7819,93.38,39,73,5.23,broken clouds
196,Rocha,UY,-34.4833,-54.3333,82.54,46,77,15.75,moderate rain
197,Bonito,BR,-21.1211,-56.4819,85.19,70,83,10.04,broken clouds
198,Muros,ES,42.7762,-9.0603,55.99,74,100,7.0,overcast clouds
199,Torbay,CA,47.6666,-52.7314,30.0,86,90,18.41,overcast clouds
200,Honiara,SB,-9.4333,159.95,78.94,82,100,5.32,light rain
201,Esperance,AU,-33.8667,121.9,59.0,82,0,12.66,clear sky
202,Pecos,US,31.4229,-103.4932,62.6,19,1,29.93,clear sky
203,Bichura,RU,50.5881,107.6022,7.34,92,99,6.6,light snow
204,Colac,AU,-38.3333,143.5833,55.0,86,9,3.8,clear sky
205,Yellowknife,CA,62.456,-114.3525,-14.01,76,40,5.75,scattered clouds
206,Pacific Grove,US,36.6177,-121.9166,52.0,80,72,3.85,broken clouds
207,Robertsport,LR,6.7533,-11.3686,81.82,78,73,8.32,light rain
208,Broome,US,42.2506,-75.833,19.99,67,90,10.36,light snow
209,Rockland,US,41.1668,-74.0496,27.0,46,0,1.01,clear sky
210,Salalah,OM,17.0151,54.0924,73.4,56,20,3.44,few clouds
211,Hobyo,SO,5.3505,48.5268,76.55,75,13,15.86,few clouds
212,Nur,PL,52.6683,22.3221,30.99,82,100,5.01,light snow
213,Paamiut,GL,61.994,-49.6678,30.25,87,93,8.79,overcast clouds
214,Smithers,CA,54.7804,-127.1743,14.0,79,75,5.75,light snow
215,San Cristobal,VE,7.7669,-72.225,82.4,61,40,11.5,scattered clouds
216,Vao,NC,-22.6667,167.4833,75.56,83,56,22.3,broken clouds
217,Cabo San Lucas,MX,22.8909,-109.9124,75.0,60,1,3.44,clear sky
218,Osinki,RU,52.8432,49.5132,30.25,98,95,14.63,light snow
219,Rovaniemi,FI,66.5,25.7167,12.2,85,100,9.22,light snow
220,Kapaa,US,22.0752,-159.319,71.6,88,40,17.27,moderate rain
221,Qaanaaq,GL,77.484,-69.3632,-5.67,72,99,1.81,overcast clouds
222,Shahr-E Babak,IR,30.1165,55.1186,47.64,57,6,22.41,clear sky
223,Risod,IN,19.9667,76.7833,66.07,31,1,8.72,clear sky
224,Ust-Nera,RU,64.5667,143.2,-24.27,77,100,5.97,overcast clouds
225,Hamamatsu,JP,34.7,137.7333,39.0,68,5,4.0,clear sky
226,Killybegs,IE,54.6333,-8.45,39.2,75,75,18.41,broken clouds
227,Coahuayana,MX,18.7333,-103.6833,84.2,45,1,5.66,clear sky
228,Pekalongan,ID,-6.8886,109.6753,57.99,10,100,9.1,moderate rain
229,Kintampo,GH,8.0563,-1.7306,92.46,26,54,1.45,broken clouds
230,Bundaberg,AU,-24.85,152.35,71.01,88,7,5.75,clear sky
231,Oliveira Dos Brejinhos,BR,-12.3169,-42.8961,99.01,20,18,2.55,few clouds
232,Nanortalik,GL,60.1432,-45.2371,35.28,80,100,14.32,overcast clouds
233,Tabou,CI,4.423,-7.3528,80.2,83,51,8.16,moderate rain
234,Kaitangata,NZ,-46.2817,169.8464,46.99,93,33,3.0,scattered clouds
235,Saint George,US,37.1041,-113.5841,43.0,93,75,4.61,fog
236,Tocopilla,CL,-22.092,-70.1979,74.26,47,8,7.14,clear sky
237,Yar-Sale,RU,66.8333,70.8333,-23.89,86,100,15.84,light snow
238,Namibe,AO,-15.1961,12.1522,74.61,75,84,11.07,broken clouds
239,Chone,EC,-0.6833,-80.1,82.0,79,70,7.14,moderate rain
240,Srednekolymsk,RU,67.45,153.6833,-40.32,81,71,2.33,broken clouds
241,Motygino,RU,58.1831,94.7592,-38.0,78,0,3.27,clear sky
242,San Patricio,US,28.017,-97.5169,80.6,61,90,24.16,overcast clouds
243,Guarapuava,BR,-25.3953,-51.4581,66.16,93,100,2.62,overcast clouds
244,Quatre Cocos,MU,-20.2078,57.7625,79.0,89,75,5.75,light rain
245,Horta,PT,38.5333,-28.6333,64.4,88,75,16.11,broken clouds
246,South Yuba City,US,39.1166,-121.6391,51.01,66,90,3.44,overcast clouds
247,Nampula,MZ,-15.1165,39.2666,71.56,96,92,3.67,overcast clouds
248,Klaksvik,FO,62.2266,-6.589,35.6,93,40,9.22,scattered clouds
249,Sibiti,CG,-3.6819,13.3499,68.77,98,100,2.17,overcast clouds
250,Loralai,PK,30.3705,68.598,47.98,43,13,1.92,few clouds
251,Phan Thiet,VN,10.9333,108.1,71.04,77,99,7.0,light rain
252,Brae,GB,60.3964,-1.353,32.0,86,20,4.61,few clouds
253,Verkhniy Baskunchak,RU,48.2256,46.7217,31.44,93,46,9.71,scattered clouds
254,Auka,HN,14.9333,-83.8333,82.4,72,75,5.75,broken clouds
255,Olafsvik,IS,64.8945,-23.7142,23.22,91,30,21.0,scattered clouds
256,Mujiayingzi,CN,42.1167,118.7833,9.34,89,16,4.94,few clouds
257,Gold Coast,AU,-28.0,153.4333,72.0,94,75,2.3,moderate rain
258,Quelimane,MZ,-17.8786,36.8883,84.2,74,75,9.22,broken clouds
259,Ako,JP,34.75,134.4,45.0,65,12,1.01,few clouds
260,Tessalit,ML,20.1986,1.0114,69.6,18,81,6.15,broken clouds
261,Tenali,IN,16.2425,80.6398,77.0,73,40,3.44,mist
262,Grandview,US,38.8858,-94.533,48.99,100,90,12.66,moderate rain
263,Dogondoutchi,NE,13.6393,4.0287,79.66,15,5,7.65,clear sky
264,Beyneu,KZ,45.3167,55.2,33.4,93,72,7.4,broken clouds
265,Montepuez,MZ,-13.1256,38.9997,70.7,92,100,2.51,overcast clouds
266,Takaka,NZ,-40.85,172.8,53.01,89,0,1.01,clear sky
267,Lasa,IT,46.6166,10.7002,39.99,80,0,4.61,clear sky
268,Kasimov,RU,54.9411,41.3953,22.05,97,99,12.3,overcast clouds
269,Chernyshevskiy,RU,63.0128,112.4714,-32.82,85,100,4.88,overcast clouds
270,Green Valley,US,31.8543,-110.9937,55.0,95,0,4.32,clear sky
271,Jetpur,IN,21.7333,70.6167,55.29,39,0,4.32,clear sky
272,Asau,RO,46.4333,26.4,43.0,65,0,6.91,light rain
273,San Lazaro,BZ,18.0387,-88.6622,80.6,61,40,11.5,scattered clouds
274,Camara De Lobos,PT,32.6333,-16.9667,66.2,72,75,4.61,broken clouds
275,Marang,MY,5.2056,103.2059,78.8,83,40,8.05,scattered clouds
276,Lebu,CL,-37.6167,-73.65,62.11,71,5,9.95,clear sky
277,Kalmar,SE,56.6616,16.3616,25.0,93,100,5.75,overcast clouds
278,Ancud,CL,-41.8697,-73.8203,66.2,48,0,6.91,clear sky
279,Berlevag,NO,70.8578,29.0864,25.54,96,100,23.71,light snow
280,Khandbari,NP,27.3747,87.2039,46.69,52,1,2.46,clear sky
281,Praia Da Vitoria,PT,38.7333,-27.0667,66.2,82,75,25.81,broken clouds
282,Palmer,US,42.1584,-72.3287,21.0,41,20,4.61,few clouds
283,San Policarpo,PH,12.1791,125.5072,78.93,78,83,19.17,broken clouds
284,Curup,ID,-3.4667,102.5333,67.64,94,100,2.37,overcast clouds
285,Mantua,IT,45.1667,10.7833,43.0,75,40,1.14,scattered clouds
286,Shunyi,CN,40.125,116.6453,24.01,68,0,4.47,clear sky
287,Sargur,IN,11.9833,76.4167,69.31,76,5,2.28,light rain
288,Athabasca,CA,54.7169,-113.2854,-11.2,76,0,1.14,clear sky
289,Clyde River,CA,70.4692,-68.5914,-18.4,83,1,4.61,clear sky
290,Meulaboh,ID,4.1363,96.1285,75.83,84,77,5.03,light rain
291,Pizarro,CO,4.9533,-77.366,84.09,68,46,6.24,scattered clouds
292,Henties Bay,NA,-22.116,14.2845,68.0,83,29,3.0,scattered clouds
293,Camacha,PT,33.0833,-16.3333,64.4,94,75,9.22,broken clouds
294,Livingston,GB,55.9029,-3.5226,35.6,87,75,6.91,broken clouds
295,Wagar,SD,16.1525,36.2032,68.38,68,0,18.28,clear sky
296,Luba,GQ,3.4568,8.5547,86.0,74,20,8.05,few clouds
297,Abu Samrah,SY,35.3029,37.1841,49.15,68,92,11.54,overcast clouds
298,Dhidhdhoo,MV,6.8833,73.1,82.11,66,82,7.72,broken clouds
299,Mahanje,TZ,-9.9333,35.3333,67.86,92,89,3.33,light rain
300,Kununurra,AU,-15.7667,128.7333,78.8,100,75,3.44,broken clouds
301,Waipawa,NZ,-41.4122,175.5153,51.8,87,50,2.3,scattered clouds
302,Mount Gambier,AU,-37.8333,140.7667,53.6,87,5,5.75,clear sky
303,Cozumel,MX,20.5083,-86.9458,80.6,61,75,12.66,broken clouds
304,Ilulissat,GL,69.2167,-51.1,3.2,60,40,8.05,scattered clouds
305,Orlik,RU,52.5178,99.825,-10.28,81,96,2.19,overcast clouds
306,Skjervoy,NO,70.0311,20.9714,27.9,89,100,10.4,overcast clouds
307,Minna,NG,9.6139,6.5569,95.0,16,0,4.61,clear sky
308,Saint-Georges,GD,12.0564,-61.7485,84.2,61,20,18.41,few clouds
309,Takoradi,GH,4.8845,-1.7554,81.93,77,11,9.15,light rain
310,Bom Jesus,BR,-9.0744,-44.3586,91.51,37,45,8.03,scattered clouds
311,Oistins,BB,13.0667,-59.5333,84.2,61,40,14.97,scattered clouds
312,Tikrit,IQ,34.6071,43.6782,51.67,50,72,2.19,broken clouds
313,Luanda,AO,-8.8368,13.2343,86.0,62,20,9.22,few clouds
314,Hay River,CA,60.8156,-115.7999,-23.8,69,78,3.44,broken clouds
315,Northam,GB,51.0333,-4.2167,42.01,93,100,18.99,light rain
316,Sumenep,ID,-7.0167,113.8667,77.58,86,100,10.58,light rain
317,Ilhabela,BR,-23.7781,-45.3581,83.84,67,50,4.47,scattered clouds
318,Pringsewu,ID,-5.3582,104.9744,72.72,93,97,3.18,overcast clouds
319,Dunedin,NZ,-45.8742,170.5036,54.0,81,21,8.01,few clouds
320,Verkhnyaya Toyma,RU,62.2349,44.9985,22.28,97,100,6.85,overcast clouds
321,Kikwit,CD,-5.041,18.8162,73.67,93,100,3.8,light rain
322,Salinopolis,BR,-0.6136,-47.3561,80.73,85,96,12.55,overcast clouds
323,Mauriti,BR,-7.3892,-38.7744,78.8,83,75,6.13,light rain
324,Panji,ID,-7.7253,114.0995,75.81,85,100,5.17,light rain
325,Beringovskiy,RU,63.05,179.3167,-11.0,91,100,15.39,light snow
326,Caravelas,BR,-17.7125,-39.2481,84.27,57,5,9.62,clear sky
327,Yashkul,RU,46.1711,45.3435,37.53,88,28,9.73,scattered clouds
328,Nizhniy Kuranakh,RU,58.8353,125.4869,-39.66,78,95,1.5,overcast clouds
329,Yelizovo,RU,53.1873,158.3805,23.0,74,90,20.13,snow
330,Tupelo,US,34.2576,-88.7034,52.0,43,90,14.97,overcast clouds
331,Manono,CD,-7.3,27.4167,74.61,83,34,1.68,light rain
332,Bengkulu,ID,-3.8004,102.2655,75.65,88,99,6.73,overcast clouds
333,Acajutla,SV,13.5928,-89.8275,80.6,54,20,9.69,few clouds
334,Bud,US,39.447,-86.1758,34.0,69,100,12.8,overcast clouds
335,Tautira,PF,-17.7333,-149.15,80.6,65,75,3.44,light rain
336,Kabo,CF,7.6994,18.629,85.3,19,40,3.38,scattered clouds
337,Suozhen,CN,36.9539,118.1047,43.0,50,100,4.41,overcast clouds
338,Ilebo,CD,-4.3167,20.5833,75.02,89,90,3.38,moderate rain
339,Ayan,RU,56.45,138.1667,-4.31,83,100,3.67,overcast clouds
340,Yeppoon,AU,-23.1333,150.7333,75.2,78,19,5.75,few clouds
341,Boyolangu,ID,-8.1181,111.8935,74.55,88,100,4.41,moderate rain
342,Nioro,GM,13.35,-15.75,98.74,8,20,7.29,few clouds
343,Husavik,IS,66.0449,-17.3389,19.4,63,75,6.91,broken clouds
344,Pemberton,CA,50.3164,-122.8027,26.6,93,90,2.3,overcast clouds
345,Myitkyina,MM,25.3833,97.4,57.7,81,11,2.55,few clouds
346,Zhigalovo,RU,54.8097,105.1578,-14.12,85,100,4.7,overcast clouds
347,Hasaki,JP,35.7333,140.8333,26.6,80,20,2.3,few clouds
348,Virpur,IN,23.1833,73.4833,63.57,26,0,7.56,clear sky
349,Yarada,IN,17.65,83.2667,73.4,94,40,2.3,mist
350,Kachug,RU,53.9606,105.8817,-12.03,85,100,5.5,overcast clouds
351,Manokwari,ID,-0.8667,134.0833,78.76,78,100,8.12,overcast clouds
352,Wanning,CN,18.8003,110.3967,67.82,87,36,9.86,scattered clouds
353,Zhaotong,CN,27.3167,103.7167,36.93,82,83,5.01,broken clouds
354,Japura,ID,-0.3167,102.35,72.75,96,95,1.48,overcast clouds
355,Balabac,PH,7.9868,117.0645,80.17,80,96,23.94,overcast clouds
356,Muzhi,RU,65.3667,64.6667,-18.81,87,100,4.45,overcast clouds
357,Hargeysa,SO,9.56,44.065,62.4,70,1,9.28,clear sky
358,Machacamarca,BO,-18.1667,-67.0333,62.01,29,6,6.93,clear sky
359,Santa Cruz Del Norte,CU,23.1539,-81.9236,75.2,53,40,12.66,scattered clouds
360,Codrington,AU,-38.2667,141.9667,58.14,75,33,5.44,scattered clouds
361,Yumen,CN,40.2833,97.2,24.04,73,0,24.18,clear sky
362,Boende,CD,-0.2167,20.8667,71.2,95,100,2.66,overcast clouds
363,Los Llanos De Aridane,ES,28.6585,-17.9182,66.2,72,75,14.97,broken clouds
364,Podgornoye,RU,51.735,39.1496,28.4,80,90,8.95,snow
365,Itarema,BR,-2.9248,-39.9167,86.31,61,71,18.07,broken clouds
366,Lensk,RU,60.7253,114.9278,-35.21,79,100,2.53,overcast clouds
367,Hambantota,LK,6.1241,81.1185,77.77,83,92,11.9,overcast clouds
368,Nyurba,RU,63.2842,118.3319,-36.99,81,100,3.09,overcast clouds
369,Cervo,ES,43.6702,-7.4101,50.0,90,81,8.99,light rain
370,Huarmey,PE,-10.0681,-78.1522,77.54,59,93,13.33,overcast clouds
371,Ternate,ID,0.8,127.4,77.97,79,100,9.6,overcast clouds
372,Dauphin,CA,51.1494,-100.0502,19.4,100,90,2.66,snow
373,Alanib,PH,8.0278,124.9861,62.49,86,100,2.77,overcast clouds
374,Zabol,AF,32.25,67.25,41.67,50,2,7.47,clear sky
375,Bubaque,GW,11.2833,-15.8333,80.02,62,0,13.91,clear sky
376,Diffa,NE,13.3154,12.6113,72.93,20,0,7.45,clear sky
377,Qasigiannguit,GL,68.8193,-51.1922,3.2,60,40,8.05,scattered clouds
378,Abdanan,IR,32.9926,47.4198,43.61,62,5,2.48,clear sky
379,Belorechensk,RU,44.76,39.87,41.0,75,0,6.71,clear sky
380,Flinders,AU,-34.5833,150.8552,72.0,87,57,4.0,light rain
381,Nyanguge,TZ,-2.55,33.2,77.0,69,40,5.46,scattered clouds
382,Sitka,US,57.0531,-135.33,37.4,60,75,6.91,broken clouds
383,Koson,UZ,39.0375,65.585,46.4,49,0,2.3,clear sky
384,Colquechaca,BO,-18.6667,-66.0167,50.92,45,8,4.72,clear sky
385,Villa Maria,AR,-32.4075,-63.2402,68.0,91,100,4.0,overcast clouds
386,Oktyabrskoye,RU,43.0645,44.7417,37.4,93,75,11.18,broken clouds
387,Wakkanai,JP,45.4094,141.6739,20.77,90,97,8.41,overcast clouds
388,Mabai,CN,23.0128,104.4508,49.01,100,100,3.4,overcast clouds
389,Lata,PT,40.1629,-8.3327,55.99,85,80,3.0,broken clouds
390,Derzhavinsk,KZ,51.1,66.3167,18.79,94,100,8.7,overcast clouds
391,Atocha,BO,-20.9333,-66.2333,61.81,26,0,14.54,clear sky
392,High Level,CA,58.5169,-117.136,-20.2,83,1,2.3,clear sky
393,Antofagasta,CL,-23.65,-70.4,75.0,60,20,12.66,few clouds
394,Parkersburg,US,39.2667,-81.5615,34.0,59,90,5.75,overcast clouds
395,Pangnirtung,CA,66.1451,-65.7125,-11.2,84,1,4.61,clear sky
396,Burns Lake,CA,54.2331,-125.7533,8.6,85,99,2.3,overcast clouds
397,Doha,QA,25.2867,51.5333,69.8,64,20,11.5,few clouds
398,Savinka,RU,50.0785,47.0994,27.39,95,94,10.71,overcast clouds
399,Strezhevoy,RU,60.7333,77.5889,-22.0,63,0,13.42,clear sky
400,Namatanai,PG,-3.6667,152.4333,80.64,80,92,12.41,overcast clouds
401,Police,PL,53.5521,14.5718,28.99,82,6,5.93,clear sky
402,Ende,ID,-8.8432,121.6623,77.23,86,100,11.74,moderate rain
403,Fougeres,FR,48.35,-1.2,51.01,93,90,11.5,light rain
404,Funadhoo,MV,6.15,73.2667,81.52,69,56,8.9,broken clouds
405,Port Lincoln,AU,-34.7333,135.8667,59.59,80,8,13.0,clear sky
406,Concepcion Del Uruguay,AR,-32.4825,-58.2372,73.17,81,100,16.75,moderate rain
407,Kimberley,ZA,-28.7323,24.7623,80.6,39,0,2.3,clear sky
408,Tucuma,BR,-0.1833,-50.05,81.54,84,90,9.26,moderate rain
409,Taoudenni,ML,22.6783,-3.9836,78.69,16,0,9.73,clear sky
410,Menongue,AO,-14.6585,17.691,67.21,87,99,4.52,moderate rain
411,Kamenka,RU,51.3223,42.7678,34.0,96,92,7.92,light snow
412,Loreto,MX,22.2667,-101.9667,71.31,28,17,9.22,few clouds
413,Severnyy,RU,50.677,36.5532,30.2,93,90,11.18,snow
414,Lagos,NG,6.5833,3.75,87.8,70,0,5.75,clear sky
415,Quesnel,CA,52.9999,-122.5029,10.4,92,1,5.1,clear sky
416,Clinton,US,42.587,-82.9199,28.0,80,90,8.05,overcast clouds
417,Seoul,KR,37.5683,126.9778,24.8,93,44,1.14,mist
418,Sobolevo,RU,54.4299,31.8996,20.8,97,100,9.95,overcast clouds
419,Lincoln,US,40.8,-96.667,39.99,88,100,4.0,overcast clouds
420,Richards Bay,ZA,-28.783,32.0377,77.16,81,88,6.96,overcast clouds
421,Kologriv,RU,58.8275,44.3178,19.96,97,99,8.75,overcast clouds
422,Nyimba,ZM,-14.5566,30.8149,72.36,93,92,1.86,moderate rain
423,Truth Or Consequences,US,33.1284,-107.2528,48.0,33,1,18.41,clear sky
424,Porto Velho,BR,-8.7619,-63.9039,86.0,66,75,3.44,broken clouds
425,Mehamn,NO,71.0357,27.8492,25.97,97,100,22.5,light snow
426,Moyale,KE,3.5167,39.0584,75.06,22,9,12.08,clear sky
427,Ratlam,IN,23.3167,75.0667,57.0,33,0,8.79,clear sky
428,Kouango,CF,4.9934,19.9619,83.62,19,9,1.1,clear sky
429,College,US,64.8569,-147.8028,-7.01,77,90,0.98,light snow
430,Katobu,ID,-4.9408,122.5276,74.8,93,100,5.3,overcast clouds
431,Luang Prabang,LA,19.8856,102.1347,63.03,85,23,1.39,few clouds
432,Leningradskiy,RU,69.3833,178.4167,-27.49,84,78,1.88,broken clouds
433,Tevriz,RU,57.509,72.4042,1.36,93,100,10.18,overcast clouds
434,Inuvik,CA,68.3499,-133.7218,-29.2,75,100,1.14,overcast clouds
435,Deputatskiy,RU,69.3,139.9,-32.22,86,97,1.74,overcast clouds
436,Kirakira,SB,-10.4544,161.9205,78.31,85,100,6.89,overcast clouds
437,Poronaysk,RU,49.2167,143.1167,-0.53,88,100,9.4,overcast clouds
438,Rabaul,PG,-4.1967,152.1721,81.64,81,81,15.77,moderate rain
439,Port Hedland,AU,-20.3167,118.5667,84.2,74,95,9.22,light rain
440,Murgab,TM,37.4966,61.9714,55.4,50,75,3.98,broken clouds
441,Vryburg,ZA,-26.9566,24.7284,75.79,62,86,10.74,overcast clouds
442,Xining,CN,36.6167,101.7667,14.97,75,67,3.22,broken clouds
443,Dembi Dolo,ET,8.5333,34.8,65.97,55,25,0.45,scattered clouds
444,Corinto,GR,37.9407,22.9573,59.0,55,20,3.44,few clouds
445,Sakakah,SA,29.9697,40.2064,51.8,35,0,3.87,clear sky
446,Tuatapere,NZ,-46.1333,167.6833,48.0,80,75,8.01,broken clouds
447,Natchez,US,31.5604,-91.4032,64.4,72,75,18.41,broken clouds
448,Atar,MR,20.5169,-13.0499,84.97,11,23,10.69,few clouds
449,Saint Anthony,US,45.0205,-93.218,30.99,64,90,8.05,light snow
450,Dourbali,TD,11.8091,15.8632,82.17,15,0,9.37,clear sky
451,Cascais,PT,38.6979,-9.4215,59.0,77,20,13.8,few clouds
452,Alvand,IR,36.3187,49.1678,27.61,88,0,15.68,clear sky
453,Reynosa,MX,26.0833,-98.2833,81.0,61,75,11.5,broken clouds
454,Oktyabrskiy,RU,54.4815,53.471,23.77,97,99,11.88,overcast clouds
455,Leh,IN,34.1667,77.5833,2.97,59,16,1.9,few clouds
456,Cacule,BR,-14.5033,-42.2222,88.45,36,33,9.6,scattered clouds
457,Amahai,ID,-3.3333,128.9167,78.33,82,100,5.55,overcast clouds
458,Dolinsk,RU,47.35,142.8,10.4,85,75,4.47,broken clouds
459,Jumla,NP,29.2747,82.1838,31.14,66,0,3.06,clear sky
460,Evensk,RU,61.95,159.2333,-3.82,82,100,16.44,overcast clouds
461,Okhotsk,RU,59.3833,143.3,-12.35,79,0,16.15,clear sky
462,Longyearbyen,SJ,78.2186,15.6401,-2.2,55,20,19.57,few clouds
463,Tucuman,AR,-26.8241,-65.2226,91.4,58,40,13.8,scattered clouds
464,Comodoro Rivadavia,AR,-45.8667,-67.5,64.4,45,20,6.91,few clouds
465,Doune,GB,56.1899,-4.0529,36.0,80,67,7.0,broken clouds
466,Haimen,CN,23.1935,116.6142,53.6,87,0,2.24,clear sky
467,Vila Franca Do Campo,PT,37.7167,-25.4333,64.0,94,40,19.57,scattered clouds
468,Eyl,SO,7.9803,49.8164,73.53,76,29,15.52,scattered clouds
469,Saldanha,ZA,-33.0117,17.9442,65.89,86,0,12.01,clear sky
470,Nouadhibou,MR,20.931,-17.0347,87.8,19,69,12.66,broken clouds
471,Pimentel,PE,-6.8367,-79.9342,82.4,54,0,13.8,clear sky
472,Avera,US,33.194,-82.5271,50.0,40,1,8.05,clear sky
473,Gulu,UG,2.7746,32.299,81.14,31,85,3.27,overcast clouds
474,Tongliao,CN,43.6125,122.2653,-0.85,93,99,7.18,snow
475,Awbari,LY,26.5921,12.7805,58.19,36,0,3.47,clear sky
476,Usinsk,RU,65.9939,57.5281,-1.25,92,100,11.59,light snow
477,Leshukonskoye,RU,64.8989,45.7622,18.9,97,100,7.54,overcast clouds
478,Sorland,NO,67.667,12.6934,30.85,92,14,8.03,few clouds
479,Lukulu,ZM,-14.3707,23.242,72.07,81,77,3.31,moderate rain
480,Okha,RU,53.5739,142.9478,-8.52,89,84,14.12,broken clouds
481,Havelock,US,34.8791,-76.9013,44.01,44,1,8.05,clear sky
482,Belyy Yar,RU,53.6039,91.3903,-16.6,69,0,6.71,clear sky
483,Petropavlovsk-Kamchatskiy,RU,53.0452,158.6483,23.0,74,90,20.13,snow
484,Bathsheba,BB,13.2167,-59.5167,84.2,61,40,14.97,scattered clouds
485,Hofn,IS,64.2539,-15.2082,22.64,88,95,23.0,overcast clouds
486,Joshimath,IN,30.5667,79.5667,39.06,40,0,4.5,clear sky
487,Lufilufi,WS,-13.8745,-171.5986,80.6,89,90,10.36,light intensity drizzle
488,Bedele,ET,8.456,36.353,64.06,42,93,3.65,overcast clouds
489,Tomigusuku,JP,26.185,127.675,59.0,63,40,6.91,scattered clouds
490,Cairns,AU,-16.9167,145.7667,73.4,88,100,1.14,overcast clouds
491,Port-Gentil,GA,-0.7193,8.7815,84.2,74,20,9.22,moderate rain
492,Kapit,MY,2.0167,112.9333,74.21,94,100,0.63,heavy intensity rain
493,Talnakh,RU,69.4865,88.3972,-31.05,71,0,5.86,clear sky
494,Storforshei,NO,66.4043,14.5233,9.0,76,68,3.0,broken clouds
495,Bagdarin,RU,54.4333,113.6,-30.35,78,3,2.51,clear sky
496,Cayenne,GF,4.9333,-52.3333,80.6,94,75,8.05,broken clouds
497,Jasper,US,37.2001,-94.3502,48.2,93,90,11.5,moderate rain
498,Maputo,MZ,-25.9653,32.5892,82.99,78,40,13.8,scattered clouds
499,Price,US,39.5994,-110.8107,24.8,100,20,4.61,few clouds
500,Tiznit,MA,29.5833,-9.5,59.63,70,0,7.29,clear sky
501,Aripuana,BR,-9.1667,-60.6333,84.29,75,86,4.32,overcast clouds
502,Seddon,AU,-37.8068,144.8916,63.0,63,90,10.36,overcast clouds
503,Haines Junction,CA,60.7522,-137.5108,-11.2,77,100,1.14,overcast clouds
504,Niort,FR,46.3333,-0.3333,50.0,90,100,11.01,light rain
505,Russell,US,32.3502,-85.1999,55.4,44,1,10.36,clear sky
506,Zalantun,CN,48.0,122.7167,-14.26,85,79,1.1,broken clouds
507,Road Town,VG,18.4167,-64.6167,78.8,94,40,6.91,scattered clouds
508,Ambon,ID,-3.6954,128.1814,78.8,89,40,3.44,scattered clouds
509,Talara,PE,-4.5772,-81.2719,89.6,45,0,12.66,clear sky
510,Boralday,KZ,43.3578,76.8594,15.8,86,20,4.47,mist
511,Banamba,ML,13.55,-7.45,87.53,11,0,7.4,clear sky
512,Bay Roberts,CA,47.5999,-53.2648,30.0,81,100,5.01,overcast clouds
513,Littleton,US,39.6133,-105.0166,48.99,29,21,7.0,few clouds
514,Martinez,US,38.0194,-122.1341,50.0,76,90,2.48,overcast clouds
515,Nemuro,JP,43.3236,145.575,21.49,92,100,16.11,overcast clouds
516,Alihe,CN,50.5667,123.7167,-22.52,81,56,0.76,light snow
517,Achim,DE,53.0112,9.033,25.0,100,20,5.7,few clouds
518,Odweyne,SO,9.4092,45.064,69.08,48,10,8.43,clear sky
519,Heihe,CN,50.2441,127.4902,-29.2,68,0,1.25,clear sky
520,Begamganj,IN,23.6,78.3333,54.46,36,0,4.18,clear sky
521,Anadyr,RU,64.75,177.4833,-5.8,59,13,20.13,snow
522,Port Blair,IN,11.6667,92.75,79.52,80,7,8.19,clear sky
523,Novyy Urgal,RU,51.0736,132.5642,-27.31,84,76,1.72,broken clouds
524,Pokhara,NP,28.2333,83.9833,47.98,50,0,3.58,clear sky
525,Galich,RU,58.3797,42.3475,20.59,96,96,8.81,snow
526,Odlabari,IN,26.8333,88.6167,55.83,48,2,3.53,clear sky
527,Samoded,RU,63.6083,40.5111,13.91,97,99,5.55,overcast clouds
528,Margate,GB,51.3813,1.3862,39.99,96,100,7.0,overcast clouds
529,Kasongo-Lunda,CD,-6.4667,16.8167,72.86,92,97,2.64,light rain
530,Varnamo,SE,57.186,14.04,23.0,94,69,4.47,broken clouds
531,Beitbridge,ZW,-22.2167,30.0,81.95,65,79,12.24,broken clouds
532,Nome,US,64.5011,-165.4064,-13.0,77,1,6.91,clear sky
533,Vikulovo,RU,56.8167,70.6107,13.15,95,100,11.92,overcast clouds
534,Inirida,CO,3.8653,-67.9239,93.02,42,93,3.47,overcast clouds
535,San Vicente,AR,-26.6167,-54.1333,70.39,97,98,7.2,overcast clouds
536,Mahibadhoo,MV,3.7833,72.9667,81.12,75,0,11.86,clear sky
537,Potsdam,DE,52.3989,13.0657,32.0,89,20,2.82,few clouds
538,Hirara,JP,24.8,125.2833,65.1,59,78,15.86,broken clouds
539,Belle Fourche,US,44.6714,-103.8522,30.99,80,40,9.22,scattered clouds
540,Turcianske Teplice,SK,48.8623,18.8605,27.0,86,100,4.0,overcast clouds
541,Beira,MZ,-19.8436,34.8389,82.4,83,40,11.5,scattered clouds
542,Muravlenko,RU,63.7898,74.523,-21.82,85,100,16.89,overcast clouds
543,Sinnamary,GF,5.3833,-52.95,79.99,86,92,14.99,light rain
544,San Ramon,US,37.7799,-121.978,50.0,81,90,2.71,overcast clouds
545,Usvyaty,RU,55.7456,30.7533,22.48,97,100,8.52,snow
546,Scranton,US,41.409,-75.6624,23.0,54,1,10.36,clear sky
547,Arman,RU,59.7,150.1667,-16.46,77,14,16.51,few clouds
548,Khor,RU,47.8861,134.9464,-20.47,86,63,7.72,broken clouds
549,Belem De Sao Francisco,BR,-8.7539,-38.9658,90.41,41,100,9.71,light rain
550,Little Current,CA,45.9793,-81.9248,19.99,67,15,6.91,few clouds
551,Pandamatenga,BW,-18.5278,25.627,71.4,86,12,2.98,light rain
552,Hokitika,NZ,-42.7167,170.9667,51.21,85,0,3.96,clear sky
553,Shitanjing,CN,39.2342,106.3439,24.67,73,0,17.43,clear sky
554,Fochville,ZA,-26.4886,27.4939,66.0,94,93,3.18,light rain
555,Zweibrucken,DE,49.25,7.3667,41.0,100,75,11.5,light intensity drizzle rain
556,Waingapu,ID,-9.6567,120.2641,77.9,85,100,15.5,light rain
557,Bereda,ES,43.2686,-7.5406,46.99,94,90,8.01,moderate rain
558,Kolda,SN,12.8833,-14.95,102.2,13,0,2.3,clear sky
559,Samarai,PG,-10.6167,150.6667,82.65,75,100,18.32,overcast clouds
560,Fortuna,US,40.5982,-124.1573,52.0,71,90,24.16,overcast clouds
561,Kempsey,AU,-31.0833,152.8333,70.0,93,25,1.99,scattered clouds
562,Rundu,NA,-17.9333,19.7667,73.31,81,86,2.51,light rain
563,Muroto,JP,33.2833,134.15,46.65,62,1,9.75,clear sky
564,Atasu,KZ,48.6814,71.6433,22.64,89,100,11.5,overcast clouds
565,Khudumelapye,BW,-23.8833,24.75,75.79,73,83,2.75,moderate rain
566,Atambua,ID,-9.1061,124.8925,74.41,95,100,10.38,light rain
567,Soyo,AO,-6.1349,12.3689,80.67,83,98,8.34,overcast clouds
568,Serpong,ID,-6.3169,106.6642,78.01,88,40,4.61,moderate rain
569,Dharchula,IN,29.85,80.5333,43.45,43,0,5.79,clear sky
570,Prado,BR,-17.3411,-39.2208,82.42,62,1,10.13,clear sky
571,Cap Malheureux,MU,-19.9842,57.6142,79.0,82,0,5.99,clear sky
572,Suraabad,AZ,40.8192,49.4687,42.8,87,90,9.22,overcast clouds
573,Villarrubia De Los Ojos,ES,39.2209,-3.608,52.0,75,84,8.99,broken clouds
574,Sakaiminato,JP,35.55,133.2333,46.4,57,75,9.22,broken clouds
575,Udachnyy,RU,66.4167,112.4,-35.37,77,25,9.22,scattered clouds
576,Boueni,YT,-12.9025,45.0761,80.6,83,0,6.91,clear sky
577,Paysandu,UY,-32.3214,-58.0756,73.42,82,100,15.55,moderate rain
578,Lazaro Cardenas,MX,17.9583,-102.2,85.15,52,10,7.02,clear sky
579,Hosakote,IN,14.2769,77.1699,72.41,54,64,10.98,broken clouds
580,Kashi,CN,39.4547,75.9797,24.8,58,0,6.71,clear sky
581,Astana,KZ,51.1801,71.446,10.4,85,0,6.71,clear sky
582,Hashtrud,IR,37.4779,47.0508,22.01,94,24,14.58,few clouds
583,Carauari,BR,-4.8828,-66.8958,90.79,57,25,3.06,scattered clouds
584,Banjar,ID,-8.19,114.9675,78.8,89,40,12.66,moderate rain
585,Chapais,CA,49.7834,-74.8492,-2.2,71,90,4.61,overcast clouds
586,Maroantsetra,MG,-15.4333,49.7333,77.54,84,93,3.74,light rain
587,Antalaha,MG,-14.9003,50.2788,78.53,80,49,1.68,scattered clouds
588,Varberg,SE,57.1056,12.2508,30.99,91,49,5.01,scattered clouds
589,Malibu,US,34.005,-118.8101,57.99,70,0,1.01,clear sky
590,Nabire,ID,-3.3667,135.4833,76.19,87,100,2.39,overcast clouds
591,Turbat,PK,26.0023,63.044,59.45,65,0,1.79,clear sky
592,Vanimo,PG,-2.6741,141.3028,77.83,84,100,6.62,light rain
593,Baoro,CF,5.6667,15.9667,79.36,24,59,3.96,broken clouds
594,Palana,RU,59.1167,159.9667,0.28,93,100,29.82,overcast clouds
595,Fallon,US,39.4735,-118.7774,33.8,80,40,5.1,scattered clouds
596,Varhaug,NO,58.6147,5.6457,30.0,100,75,6.91,broken clouds
597,Aklavik,CA,68.2191,-135.0107,-22.0,76,75,2.3,light snow
598,Young,UY,-32.6833,-57.6333,72.88,81,100,18.19,moderate rain
599,Sangar,RU,63.9242,127.4739,-50.01,76,77,1.32,broken clouds
600,Tateyama,JP,34.9833,139.8667,41.0,70,20,5.75,few clouds
601,Komsomolskiy,UZ,40.4272,71.7189,39.2,35,98,4.61,overcast clouds
602,Sorkjosen,NO,69.8,20.9333,21.74,89,100,7.07,overcast clouds
603,Garden City,US,42.3256,-83.331,28.99,63,75,10.36,broken clouds
604,Laramie,US,41.3114,-105.5911,35.01,55,90,19.57,overcast clouds
605,Macau,MO,22.2006,113.5461,62.6,72,0,9.22,clear sky
606,Asfi,MA,32.2994,-9.2372,61.41,81,41,9.26,scattered clouds
607,Port Hardy,CA,50.6996,-127.4199,41.0,93,90,4.61,light rain
608,Golden Gate,US,26.1879,-81.6951,75.99,46,20,10.36,few clouds
609,Pantayivka,UA,48.674,32.8841,38.32,96,100,14.27,overcast clouds
610,Gravdal,NO,68.1214,13.5031,26.53,88,1,5.97,clear sky
611,Agogo,GH,6.8,-1.0819,87.22,41,50,4.68,scattered clouds
612,Dingle,PH,10.9995,122.6711,71.58,90,99,10.49,overcast clouds
613,Hamilton,US,39.1834,-84.5333,35.01,51,90,9.22,overcast clouds
614,Hualmay,PE,-11.0964,-77.6139,76.24,63,76,11.41,broken clouds
615,Marawi,PH,7.9986,124.2928,65.93,91,100,2.24,overcast clouds
616,Arivonimamo,MG,-19.0167,47.1833,68.0,88,20,9.22,light rain
617,Mogocha,RU,53.7333,119.7667,-30.33,83,91,0.94,overcast clouds
618,Mansa,IN,29.9833,75.3833,49.24,42,0,3.56,clear sky
619,San Pedro,PH,14.35,121.0167,73.99,68,20,2.3,few clouds
620,Saraland,US,30.8207,-88.0706,64.0,68,83,3.0,broken clouds
621,Waddan,LY,29.1614,16.139,63.77,29,0,4.36,clear sky
622,Schwabmunchen,DE,48.1833,10.75,39.0,93,100,4.61,moderate rain
623,Xucheng,CN,20.35,110.1288,62.6,100,20,6.71,few clouds
624,Alice Springs,AU,-23.7,133.8833,86.0,30,51,13.8,broken clouds
625,Jega,NG,12.2175,4.3792,83.53,14,16,9.33,few clouds
626,Ihosy,MG,-22.4,46.1167,71.94,83,32,4.27,light rain
627,Lander,US,42.833,-108.7307,43.0,51,1,4.61,clear sky
628,Polunochnoye,RU,60.8697,60.4153,-11.94,91,100,4.23,overcast clouds
629,Grong,NO,64.4654,12.3149,13.1,94,59,2.44,broken clouds
630,Chumikan,RU,54.7183,135.315,-14.01,81,100,22.37,overcast clouds
631,Rakiv Lis,UA,51.6217,24.9243,24.87,98,100,6.89,light snow
632,Lorengau,PG,-2.0226,147.2712,82.08,80,100,11.74,overcast clouds
633,Micheweni,TZ,-4.9667,39.8333,80.46,78,91,12.88,overcast clouds
634,Ocampo,MX,21.65,-101.5,69.03,27,19,4.59,few clouds
635,Anshun,CN,26.25,105.9333,44.24,88,98,1.77,overcast clouds
636,Byron Bay,AU,-28.65,153.6167,71.6,94,90,1.41,overcast clouds
637,Piacabucu,BR,-10.4056,-36.4344,83.28,66,94,11.97,overcast clouds
638,Chongwe,ZM,-15.3292,28.682,75.2,73,40,9.22,moderate rain
639,Cheney,US,47.4874,-117.5758,33.01,86,90,8.05,overcast clouds
640,Sinjar,IQ,36.3209,41.8754,43.77,62,71,4.72,broken clouds
641,Monrovia,LR,6.3005,-10.7969,84.2,74,75,3.44,broken clouds
642,Floro,NO,61.5996,5.0328,32.0,100,90,5.75,light snow
643,Shellbrook,CA,53.2168,-106.4011,14.0,85,90,3.44,light snow
644,Grindavik,IS,63.8424,-22.4338,26.6,74,20,17.27,few clouds
645,Nam Som,TH,17.7704,102.1895,73.0,65,35,5.1,scattered clouds
646,Qrendi,MT,35.8347,14.4583,60.01,94,0,8.05,clear sky
647,Springbok,ZA,-29.6643,17.8865,68.7,47,0,6.62,clear sky
648,Fort-Shevchenko,KZ,44.5086,50.263,36.41,82,100,13.53,overcast clouds
649,Maceio,BR,-9.6658,-35.7353,84.2,70,75,8.05,light rain
650,Saint-Augustin,CA,51.226,-58.6502,30.63,93,35,14.16,scattered clouds
651,Tuy Hoa,VN,13.0833,109.3,70.32,88,64,6.67,broken clouds
652,Champerico,GT,14.3,-91.9167,86.0,58,20,9.22,few clouds
653,Sukhobezvodnoye,RU,57.0491,44.8891,20.68,97,53,9.8,broken clouds
654,Zhurivka,UA,50.5028,31.7849,26.6,93,90,2.24,light rain
655,Novo Aripuana,BR,-5.1206,-60.3797,81.81,91,69,4.18,broken clouds
656,Khasan,RU,42.4308,130.6434,6.89,85,0,11.83,clear sky
657,Rio Grande,BR,-32.035,-52.0986,84.2,74,75,11.5,broken clouds
658,Limbang,MY,4.75,115.0,80.6,83,75,3.44,broken clouds
659,Luganville,VU,-15.5333,167.1667,78.39,79,100,8.21,overcast clouds
660,Nishihara,JP,26.1842,127.7558,59.0,50,40,4.61,scattered clouds
661,San Ignacio,BZ,17.1561,-89.0714,75.2,78,0,4.61,clear sky
662,Key West,US,24.5557,-81.7826,73.4,60,40,10.36,scattered clouds
663,Porto Novo,BJ,6.4965,2.6036,86.0,79,40,11.5,scattered clouds
664,Telimele,GN,10.9167,-13.3333,94.6,12,0,2.01,clear sky
665,Astoria,US,46.1879,-123.8313,45.0,93,90,5.75,overcast clouds
666,Koumac,NC,-20.5667,164.2833,74.59,79,58,4.74,broken clouds
667,Tutoia,BR,-2.7619,-42.2744,89.6,62,20,21.85,few clouds
668,Togur,RU,58.3631,82.8265,-28.77,83,67,5.06,broken clouds
669,Salto,UY,-31.3833,-57.9667,77.0,94,90,16.11,moderate rain
670,Adrar,MR,20.5022,-10.0711,78.58,15,33,8.55,scattered clouds
671,Upington,ZA,-28.4478,21.2561,89.6,12,20,8.05,few clouds
672,Luzhou,CN,28.8724,105.4405,54.03,63,100,2.77,overcast clouds
673,Conceicao Do Coite,BR,-11.5639,-39.2828,87.66,42,81,13.4,broken clouds
674,Conceicao Do Araguaia,BR,-8.2578,-49.2647,84.56,71,100,7.11,overcast clouds
675,Viedma,AR,-40.8135,-62.9967,75.99,35,50,14.29,scattered clouds
676,Oranjemund,NA,-28.55,16.4333,64.04,83,0,18.05,clear sky
677,Kraslava,LV,55.8951,27.168,25.83,97,100,9.57,overcast clouds
678,Shuangyang,CN,43.5242,125.6736,-9.4,70,11,6.71,mist
679,Port Moresby,PG,-9.4431,147.1797,75.2,94,75,13.8,heavy intensity rain
680,Vallenar,CL,-28.5708,-70.7581,90.27,18,0,12.95,clear sky
681,Alta,NO,69.9689,23.2717,12.2,85,75,8.77,light snow
682,Brawley,US,32.9787,-115.5303,54.0,71,1,5.75,clear sky
683,Guerrero Negro,MX,27.9769,-114.0611,62.78,49,0,12.84,clear sky
684,San Quintin,MX,30.4833,-115.95,59.25,52,3,1.23,clear sky
685,Slavutych,UA,51.5196,30.7343,25.97,98,100,4.59,light snow
686,Catalina,US,32.5056,-110.9211,54.0,49,0,1.01,clear sky
687,Pisco,PE,-13.7,-76.2167,75.99,78,0,11.5,clear sky
688,Kawalu,ID,-7.3817,108.2082,71.83,89,100,3.31,overcast clouds
689,Harper,LR,4.375,-7.7169,80.56,82,62,7.27,moderate rain
690,Jackson,US,42.4165,-122.8345,44.01,81,40,4.61,scattered clouds
691,Tucumcari,US,35.1717,-103.725,51.8,28,1,28.77,clear sky
